{
  "tl": [
    0.647594572368421,
    0.3368421052631579
  ],
  "tr": [
    0.7732473273026316,
    0.25394736842105264
  ],
  "br": [
    0.7722844709429825,
    0.531578947368421
  ],
  "bl": [
    0.6442245751096491,
    0.5710526315789474
  ],
  "bannerFrac": 0.2719002973561223
}